Workbook

Sheet Scenario Summary
B2: Scenario Name | C2: Description | D2: Bypass Volume, AF
B3: No Bypass | C3: No Bypass | D3: 0
B4: Scenario 1 | C4: 125 cfs starting Oct 15th, 250 cfs on Oct 28th, 125 cfs on Nov 7th, end bypass on Nov 14th | D4: =Flow!M73 -> 10147.5
B5: Scenario 2 | C5: 250 cfs starting Oct 15th, 500 cfs on Oct 28th, 250 cfs on Nov 14th, end bypass on Nov 30th | D5: =Flow!N73 -> 32175
B6: Scenario 2b | C6: 250 cfs starting Oct 15th, 500 cfs on Oct 28th, end bypass on Nov 30th | D6: =Flow!O73 -> 40095
B7: Scenario 2c | C7: 250 cfs starting Oct 21st, 500 cfs on Oct 28th, end bypass on Nov 30th | D7: =Flow!P73 -> 37125
B8: Scenario 3 | C8: 250 cfs starting Oct 21st, 500 cfs on Oct 28th, 250 cfs on Nov 7th, end bypass on Nov 14th | D8: =Flow!Q73 -> 17325
B9: Scenario 4 | C9: 250 cfs starting Oct 21st, 500 cfs on Oct 28th, 250 cfs on Nov 7th, end bypass on Nov 21st | D9: =Flow!R73 -> 20790
B10: Scenario 5 | C10: 500 cfs bypass starting Oct 28th, reduce to 250 on Nov 7th, end bypass on Nov 21st | D10: =Flow!S73 -> 17325
B11: Scenario 6 | C11: 100 cfs Oct 1, 200 cfs Oct 8, 300 cfs Oct 15, 400 cfs Oct 22, 500 cfs Nov 1, ending Nov 14 | D11: =Flow!T73 -> 30096

Sheet Flow
C1: Outflow From Folsom | D1: Release from Natoma | E1: Bypass Flows (cfs) | M1: Bypass Flows (AF)
A2: Date | B2: JDAY | C2: Flow (cfs) | E2: Scenario 1 | F2: Scenario 2 | G2: Scenario 2b | H2: Scenario 2c | I2: Scenario 3 | J2: Scenario 4 | K2: Scenario 5 | L2: Scenario 6 | M2: Scenario 1 | N2: Scenario 2 | O2: Scenario 2b | P2: Scenario 2c | Q2: Scenario 3 | R2: Scenario 4 | S2: Scenario 5 | T2: Scenario 6
A3: 45922 | B3: 265 | C3: 1987 | D3: 1700 | E3: 0 | F3: 0 | G3: 0 | H3: 0 | I3: 0 | J3: 0 | K3: 0 | M3: =E3*1.98 -> 0 | N3: =F3*1.98 -> 0 | O3: =G3*1.98 -> 0 | P3: =H3*1.98 -> 0 | Q3: =I3*1.98 -> 0 | R3: =J3*1.98 -> 0 | S3: =K3*1.98 -> 0 | T3: =L3*1.98 -> 0
A4: 45923 | B4: 266 | C4: 1987 | D4: 1700 | E4: 0 | F4: 0 | G4: 0 | H4: 0 | I4: 0 | J4: 0 | K4: 0 | M4: =E4*1.98 -> 0 | N4: =F4*1.98 -> 0 | O4: =G4*1.98 -> 0 | P4: =H4*1.98 -> 0 | Q4: =I4*1.98 -> 0 | R4: =J4*1.98 -> 0 | S4: =K4*1.98 -> 0 | T4: =L4*1.98 -> 0
A5: 45924 | B5: 267 | C5: 1987 | D5: 1700 | E5: 0 | F5: 0 | G5: 0 | H5: 0 | I5: 0 | J5: 0 | K5: 0 | M5: =E5*1.98 -> 0 | N5: =F5*1.98 -> 0 | O5: =G5*1.98 -> 0 | P5: =H5*1.98 -> 0 | Q5: =I5*1.98 -> 0 | R5: =J5*1.98 -> 0 | S5: =K5*1.98 -> 0 | T5: =L5*1.98 -> 0
A6: 45925 | B6: 268 | C6: 1987 | D6: 1700 | E6: 0 | F6: 0 | G6: 0 | H6: 0 | I6: 0 | J6: 0 | K6: 0 | M6: =E6*1.98 -> 0 | N6: =F6*1.98 -> 0 | O6: =G6*1.98 -> 0 | P6: =H6*1.98 -> 0 | Q6: =I6*1.98 -> 0 | R6: =J6*1.98 -> 0 | S6: =K6*1.98 -> 0 | T6: =L6*1.98 -> 0
A7: 45926 | B7: 269 | C7: 1987 | D7: 1700 | E7: 0 | F7: 0 | G7: 0 | H7: 0 | I7: 0 | J7: 0 | K7: 0 | M7: =E7*1.98 -> 0 | N7: =F7*1.98 -> 0 | O7: =G7*1.98 -> 0 | P7: =H7*1.98 -> 0 | Q7: =I7*1.98 -> 0 | R7: =J7*1.98 -> 0 | S7: =K7*1.98 -> 0 | T7: =L7*1.98 -> 0
A8: 45927 | B8: 270 | C8: 1987 | D8: 1700 | E8: 0 | F8: 0 | G8: 0 | H8: 0 | I8: 0 | J8: 0 | K8: 0 | M8: =E8*1.98 -> 0 | N8: =F8*1.98 -> 0 | O8: =G8*1.98 -> 0 | P8: =H8*1.98 -> 0 | Q8: =I8*1.98 -> 0 | R8: =J8*1.98 -> 0 | S8: =K8*1.98 -> 0 | T8: =L8*1.98 -> 0
A9: 45928 | B9: 271 | C9: 1987 | D9: 1700 | E9: 0 | F9: 0 | G9: 0 | H9: 0 | I9: 0 | J9: 0 | K9: 0 | M9: =E9*1.98 -> 0 | N9: =F9*1.98 -> 0 | O9: =G9*1.98 -> 0 | P9: =H9*1.98 -> 0 | Q9: =I9*1.98 -> 0 | R9: =J9*1.98 -> 0 | S9: =K9*1.98 -> 0 | T9: =L9*1.98 -> 0
A10: 45929 | B10: 272 | C10: 1987 | D10: 1700 | E10: 0 | F10: 0 | G10: 0 | H10: 0 | I10: 0 | J10: 0 | K10: 0 | M10: =E10*1.98 -> 0 | N10: =F10*1.98 -> 0 | O10: =G10*1.98 -> 0 | P10: =H10*1.98 -> 0 | Q10: =I10*1.98 -> 0 | R10: =J10*1.98 -> 0 | S10: =K10*1.98 -> 0 | T10: =L10*1.98 -> 0
A11: 45930 | B11: 273 | C11: 1987 | D11: 1700 | E11: 0 | F11: 0 | G11: 0 | H11: 0 | I11: 0 | J11: 0 | K11: 0 | M11: =E11*1.98 -> 0 | N11: =F11*1.98 -> 0 | O11: =G11*1.98 -> 0 | P11: =H11*1.98 -> 0 | Q11: =I11*1.98 -> 0 | R11: =J11*1.98 -> 0 | S11: =K11*1.98 -> 0 | T11: =L11*1.98 -> 0
A12: 45931 | B12: 274 | C12: 1130 | D12: 1000 | E12: 0 | F12: 0 | G12: 0 | H12: 0 | I12: 0 | J12: 0 | K12: 0 | L12: 100 | M12: =E12*1.98 -> 0 | N12: =F12*1.98 -> 0 | O12: =G12*1.98 -> 0 | P12: =H12*1.98 -> 0 | Q12: =I12*1.98 -> 0 | R12: =J12*1.98 -> 0 | S12: =K12*1.98 -> 0 | T12: =L12*1.98 -> 198
A13: 45932 | B13: 275 | C13: 1130 | D13: 1000 | E13: 0 | F13: 0 | G13: 0 | H13: 0 | I13: 0 | J13: 0 | K13: 0 | L13: 100 | M13: =E13*1.98 -> 0 | N13: =F13*1.98 -> 0 | O13: =G13*1.98 -> 0 | P13: =H13*1.98 -> 0 | Q13: =I13*1.98 -> 0 | R13: =J13*1.98 -> 0 | S13: =K13*1.98 -> 0 | T13: =L13*1.98 -> 198
A14: 45933 | B14: 276 | C14: 1130 | D14: 1000 | E14: 0 | F14: 0 | G14: 0 | H14: 0 | I14: 0 | J14: 0 | K14: 0 | L14: 100 | M14: =E14*1.98 -> 0 | N14: =F14*1.98 -> 0 | O14: =G14*1.98 -> 0 | P14: =H14*1.98 -> 0 | Q14: =I14*1.98 -> 0 | R14: =J14*1.98 -> 0 | S14: =K14*1.98 -> 0 | T14: =L14*1.98 -> 198
A15: 45934 | B15: 277 | C15: 1130 | D15: 1000 | E15: 0 | F15: 0 | G15: 0 | H15: 0 | I15: 0 | J15: 0 | K15: 0 | L15: 100 | M15: =E15*1.98 -> 0 | N15: =F15*1.98 -> 0 | O15: =G15*1.98 -> 0 | P15: =H15*1.98 -> 0 | Q15: =I15*1.98 -> 0 | R15: =J15*1.98 -> 0 | S15: =K15*1.98 -> 0 | T15: =L15*1.98 -> 198
A16: 45935 | B16: 278 | C16: 1130 | D16: 1000 | E16: 0 | F16: 0 | G16: 0 | H16: 0 | I16: 0 | J16: 0 | K16: 0 | L16: 100 | M16: =E16*1.98 -> 0 | N16: =F16*1.98 -> 0 | O16: =G16*1.98 -> 0 | P16: =H16*1.98 -> 0 | Q16: =I16*1.98 -> 0 | R16: =J16*1.98 -> 0 | S16: =K16*1.98 -> 0 | T16: =L16*1.98 -> 198
A17: 45936 | B17: 279 | C17: 1130 | D17: 1000 | E17: 0 | F17: 0 | G17: 0 | H17: 0 | I17: 0 | J17: 0 | K17: 0 | L17: 100 | M17: =E17*1.98 -> 0 | N17: =F17*1.98 -> 0 | O17: =G17*1.98 -> 0 | P17: =H17*1.98 -> 0 | Q17: =I17*1.98 -> 0 | R17: =J17*1.98 -> 0 | S17: =K17*1.98 -> 0 | T17: =L17*1.98 -> 198
A18: 45937 | B18: 280 | C18: 1130 | D18: 1000 | E18: 0 | F18: 0 | G18: 0 | H18: 0 | I18: 0 | J18: 0 | K18: 0 | L18: 100 | M18: =E18*1.98 -> 0 | N18: =F18*1.98 -> 0 | O18: =G18*1.98 -> 0 | P18: =H18*1.98 -> 0 | Q18: =I18*1.98 -> 0 | R18: =J18*1.98 -> 0 | S18: =K18*1.98 -> 0 | T18: =L18*1.98 -> 198
A19: 45938 | B19: 281 | C19: 1130 | D19: 1000 | E19: 0 | F19: 0 | G19: 0 | H19: 0 | I19: 0 | J19: 0 | K19: 0 | L19: 200 | M19: =E19*1.98 -> 0 | N19: =F19*1.98 -> 0 | O19: =G19*1.98 -> 0 | P19: =H19*1.98 -> 0 | Q19: =I19*1.98 -> 0 | R19: =J19*1.98 -> 0 | S19: =K19*1.98 -> 0 | T19: =L19*1.98 -> 396
A20: 45939 | B20: 282 | C20: 1130 | D20: 1000 | E20: 0 | F20: 0 | G20: 0 | H20: 0 | I20: 0 | J20: 0 | K20: 0 | L20: 200 | M20: =E20*1.98 -> 0 | N20: =F20*1.98 -> 0 | O20: =G20*1.98 -> 0 | P20: =H20*1.98 -> 0 | Q20: =I20*1.98 -> 0 | R20: =J20*1.98 -> 0 | S20: =K20*1.98 -> 0 | T20: =L20*1.98 -> 396
A21: 45940 | B21: 283 | C21: 1130 | D21: 1000 | E21: 0 | F21: 0 | G21: 0 | H21: 0 | I21: 0 | J21: 0 | K21: 0 | L21: 200 | M21: =E21*1.98 -> 0 | N21: =F21*1.98 -> 0 | O21: =G21*1.98 -> 0 | P21: =H21*1.98 -> 0 | Q21: =I21*1.98 -> 0 | R21: =J21*1.98 -> 0 | S21: =K21*1.98 -> 0 | T21: =L21*1.98 -> 396
A22: 45941 | B22: 284 | C22: 1130 | D22: 1000 | E22: 0 | F22: 0 | G22: 0 | H22: 0 | I22: 0 | J22: 0 | K22: 0 | L22: 200 | M22: =E22*1.98 -> 0 | N22: =F22*1.98 -> 0 | O22: =G22*1.98 -> 0 | P22: =H22*1.98 -> 0 | Q22: =I22*1.98 -> 0 | R22: =J22*1.98 -> 0 | S22: =K22*1.98 -> 0 | T22: =L22*1.98 -> 396
A23: 45942 | B23: 285 | C23: 1130 | D23: 1000 | E23: 0 | F23: 0 | G23: 0 | H23: 0 | I23: 0 | J23: 0 | K23: 0 | L23: 200 | M23: =E23*1.98 -> 0 | N23: =F23*1.98 -> 0 | O23: =G23*1.98 -> 0 | P23: =H23*1.98 -> 0 | Q23: =I23*1.98 -> 0 | R23: =J23*1.98 -> 0 | S23: =K23*1.98 -> 0 | T23: =L23*1.98 -> 396
... A72: 45991 | B72: 334 | C72: 1117 | D72: 1000 | E72: 0 | F72: 250 | G72: 500 | H72: 500 | I72: 0 | J72: 0 | K72: 0 | L72: 0 | M72: =E72*1.98 -> 0 | N72: =F72*1.98 -> 495 | O72: =G72*1.98 -> 990 | P72: =H72*1.98 -> 990 | Q72: =I72*1.98 -> 0 | R72: =J72*1.98 -> 0 | S72: =K72*1.98 -> 0 | T72: =L72*1.98 -> 0
M73: =SUM(M3:M72) -> 10147.5 | N73: =SUM(N3:N72) -> 32175 | O73: =SUM(O3:O72) -> 40095 | P73: =SUM(P3:P72) -> 37125 | Q73: =SUM(Q3:Q72) -> 17325 | R73: =SUM(R3:R72) -> 20790 | S73: =SUM(S3:S72) -> 17325 | T73: =SUM(T3:T72) -> 30096

Sheet 2011
C1: No Bypass | E1: Scenario 1 | G1: Scenario 2 | I1: Scenario 2b | K1: Scenario 2c | M1: Scenario 3 | O1: Scenario 4 | Q1: Scenario 5 | S1: Scenario 6
A2: Date | B2: JDAY | C2: AveWatt | D2: AveHazel | E2: AveWatt | F2: AveHazel | G2: AveWatt | H2: AveHazel | I2: AveWatt | J2: AveHazel | K2: AveWatt | L2: AveHazel | M2: AveWatt | N2: AveHazel | O2: AveWatt | P2: AveHazel | Q2: AveWatt | R2: AveHazel | S2: AveWatt | T2: AveHazel | U2: Target Temp | V2: Target Temp C
A3: 45922 | B3: 265 | C3: 20.03 | D3: 18.77 | E3: 20.03 | F3: 18.77 | G3: 20.03 | H3: 18.77 | I3: 20.03 | J3: 18.77 | K3: 20.03 | L3: 18.77 | M3: 20.03 | N3: 18.77 | O3: 20.03 | P3: 18.77 | Q3: 20.03 | R3: 18.77 | S3: 20.03 | T3: 18.77 | U3: 68 | V3: =CONVERT(U3,"F","C") -> 20
A4: 45923 | B4: 266 | C4: 20 | D4: 18.87 | E4: 20 | F4: 18.87 | G4: 20 | H4: 18.87 | I4: 20 | J4: 18.87 | K4: 20 | L4: 18.87 | M4: 20 | N4: 18.87 | O4: 20 | P4: 18.87 | Q4: 20 | R4: 18.87 | S4: 20 | T4: 18.87 | U4: 68 | V4: =CONVERT(U4,"F","C") -> 20
A5: 45924 | B5: 267 | C5: 19.77 | D5: 18.58 | E5: 19.77 | F5: 18.58 | G5: 19.77 | H5: 18.58 | I5: 19.77 | J5: 18.58 | K5: 19.77 | L5: 18.58 | M5: 19.77 | N5: 18.58 | O5: 19.77 | P5: 18.58 | Q5: 19.77 | R5: 18.58 | S5: 19.77 | T5: 18.58 | U5: 68 | V5: =CONVERT(U5,"F","C") -> 20
A6: 45925 | B6: 268 | C6: 18.96 | D6: 18.04 | E6: 18.96 | F6: 18.04 | G6: 18.96 | H6: 18.04 | I6: 18.96 | J6: 18.04 | K6: 18.96 | L6: 18.04 | M6: 18.96 | N6: 18.04 | O6: 18.96 | P6: 18.04 | Q6: 18.96 | R6: 18.04 | S6: 18.96 | T6: 18.04 | U6: 68 | V6: =CONVERT(U6,"F","C") -> 20
A7: 45926 | B7: 269 | C7: 19.18 | D7: 17.99 | E7: 19.18 | F7: 17.99 | G7: 19.18 | H7: 17.99 | I7: 19.18 | J7: 17.99 | K7: 19.18 | L7: 17.99 | M7: 19.18 | N7: 17.99 | O7: 19.18 | P7: 17.99 | Q7: 19.18 | R7: 17.99 | S7: 19.18 | T7: 17.99 | U7: 68 | V7: =CONVERT(U7,"F","C") -> 20
A8: 45927 | B8: 270 | C8: 19.59 | D8: 18.65 | E8: 19.59 | F8: 18.65 | G8: 19.59 | H8: 18.65 | I8: 19.59 | J8: 18.65 | K8: 19.59 | L8: 18.65 | M8: 19.59 | N8: 18.65 | O8: 19.59 | P8: 18.65 | Q8: 19.59 | R8: 18.65 | S8: 19.59 | T8: 18.65 | U8: 68 | V8: =CONVERT(U8,"F","C") -> 20
A9: 45928 | B9: 271 | C9: 20.02 | D9: 18.26 | E9: 20.02 | F9: 18.26 | G9: 20.02 | H9: 18.26 | I9: 20.02 | J9: 18.26 | K9: 20.02 | L9: 18.26 | M9: 20.02 | N9: 18.26 | O9: 20.02 | P9: 18.26 | Q9: 20.02 | R9: 18.26 | S9: 20.02 | T9: 18.26 | U9: 68 | V9: =CONVERT(U9,"F","C") -> 20
A10: 45929 | B10: 272 | C10: 20.06 | D10: 17.35 | E10: 20.06 | F10: 17.35 | G10: 20.06 | H10: 17.35 | I10: 20.06 | J10: 17.35 | K10: 20.06 | L10: 17.35 | M10: 20.06 | N10: 17.35 | O10: 20.06 | P10: 17.35 | Q10: 20.06 | R10: 17.35 | S10: 20.06 | T10: 17.35 | U10: 68 | V10: =CONVERT(U10,"F","C") -> 20
A11: 45930 | B11: 273 | C11: 19.4 | D11: 17.72 | E11: 19.4 | F11: 17.72 | G11: 19.4 | H11: 17.72 | I11: 19.4 | J11: 17.72 | K11: 19.4 | L11: 17.72 | M11: 19.4 | N11: 17.72 | O11: 19.4 | P11: 17.72 | Q11: 19.4 | R11: 17.72 | S11: 19.4 | T11: 17.55 | U11: 68 | V11: =CONVERT(U11,"F","C") -> 20
A12: 45931 | B12: 274 | C12: 19.33 | D12: 18.95 | E12: 19.33 | F12: 18.95 | G12: 19.33 | H12: 18.95 | I12: 19.33 | J12: 18.95 | K12: 19.33 | L12: 18.95 | M12: 19.33 | N12: 18.95 | O12: 19.33 | P12: 18.95 | Q12: 19.33 | R12: 18.95 | S12: 19.33 | T12: 18.7 | U12: 68 | V12: =CONVERT(U12,"F","C") -> 20
A13: 45932 | B13: 275 | C13: 19.58 | D13: 18.84 | E13: 19.58 | F13: 18.84 | G13: 19.58 | H13: 18.84 | I13: 19.58 | J13: 18.84 | K13: 19.58 | L13: 18.84 | M13: 19.58 | N13: 18.84 | O13: 19.58 | P13: 18.84 | Q13: 19.58 | R13: 18.84 | S13: 19.58 | T13: 18.68 | U13: 65 | V13: =CONVERT(U13,"F","C") -> 18.333333
A14: 45933 | B14: 276 | C14: 18.51 | D14: 17.99 | E14: 18.51 | F14: 17.99 | G14: 18.51 | H14: 17.99 | I14: 18.51 | J14: 17.99 | K14: 18.51 | L14: 17.99 | M14: 18.51 | N14: 17.99 | O14: 18.51 | P14: 17.99 | Q14: 18.51 | R14: 17.99 | S14: 18.51 | T14: 18.39 | U14: 65 | V14: =CONVERT(U14,"F","C") -> 18.333333
... A72: 45991 | B72: 334 | C72: 12.83 | D72: 14.14 | E72: 13.05 | F72: 14.26 | G72: 12.96 | H72: 14.32 | I72: 13.05 | J72: 14.38 | K72: 12.78 | L72: 14.35 | M72: 13.22 | N72: 14.34 | O72: 13.29 | P72: 14.38 | Q72: 13.22 | R72: 14.34 | S72: 13.4 | T72: 14.42 | U72: 59 | V72: =CONVERT(U72,"F","C") -> 15
U73: 59 | V73: =CONVERT(U73,"F","C") -> 15

Sheet 2014
C1: No Bypass | E1: Scenario 1 | G1: Scenario 2 | I1: Scenario 2b | K1: Scenario 2c | M1: Scenario 3 | O1: Scenario 4 | Q1: Scenario 5 | S1: Scenario 6
A2: Date | B2: JDAY | C2: AveWatt | D2: AveHazel | E2: AveWatt | F2: AveHazel | G2: AveWatt | H2: AveHazel | I2: AveWatt | J2: AveHazel | K2: AveWatt | L2: AveHazel | M2: AveWatt | N2: AveHazel | O2: AveWatt | P2: AveHazel | Q2: AveWatt | R2: AveHazel | S2: AveWatt | T2: AveHazel
A3: 45922 | B3: 265 | C3: 19.92 | D3: 19.65 | E3: 19.92 | F3: 19.65 | G3: 19.92 | H3: 19.65 | I3: 19.92 | J3: 19.65 | K3: 19.92 | L3: 19.65 | M3: 19.92 | N3: 19.65 | O3: 19.92 | P3: 19.65 | Q3: 19.92 | R3: 19.65 | S3: 19.92 | T3: 19.65
A4: 45923 | B4: 266 | C4: 19.91 | D4: 19.67 | E4: 19.91 | F4: 19.67 | G4: 19.91 | H4: 19.67 | I4: 19.91 | J4: 19.67 | K4: 19.91 | L4: 19.67 | M4: 19.91 | N4: 19.67 | O4: 19.91 | P4: 19.67 | Q4: 19.91 | R4: 19.67 | S4: 19.91 | T4: 19.67
A5: 45924 | B5: 267 | C5: 19.97 | D5: 19.35 | E5: 19.97 | F5: 19.35 | G5: 19.97 | H5: 19.35 | I5: 19.97 | J5: 19.35 | K5: 19.97 | L5: 19.35 | M5: 19.97 | N5: 19.35 | O5: 19.97 | P5: 19.35 | Q5: 19.97 | R5: 19.35 | S5: 19.97 | T5: 19.35
A6: 45925 | B6: 268 | C6: 19.78 | D6: 19.22 | E6: 19.78 | F6: 19.22 | G6: 19.78 | H6: 19.22 | I6: 19.78 | J6: 19.22 | K6: 19.78 | L6: 19.22 | M6: 19.78 | N6: 19.22 | O6: 19.78 | P6: 19.22 | Q6: 19.78 | R6: 19.22 | S6: 19.78 | T6: 19.22
A7: 45926 | B7: 269 | C7: 19.72 | D7: 19.26 | E7: 19.72 | F7: 19.26 | G7: 19.72 | H7: 19.26 | I7: 19.72 | J7: 19.26 | K7: 19.72 | L7: 19.26 | M7: 19.72 | N7: 19.26 | O7: 19.72 | P7: 19.26 | Q7: 19.72 | R7: 19.26 | S7: 19.72 | T7: 19.26
A8: 45927 | B8: 270 | C8: 19.79 | D8: 19.04 | E8: 19.79 | F8: 19.04 | G8: 19.79 | H8: 19.04 | I8: 19.79 | J8: 19.04 | K8: 19.79 | L8: 19.04 | M8: 19.79 | N8: 19.04 | O8: 19.79 | P8: 19.04 | Q8: 19.79 | R8: 19.04 | S8: 19.79 | T8: 19.04
A9: 45928 | B9: 271 | C9: 19.7 | D9: 16.04 | E9: 19.7 | F9: 16.04 | G9: 19.7 | H9: 16.04 | I9: 19.7 | J9: 16.04 | K9: 19.7 | L9: 16.04 | M9: 19.7 | N9: 16.04 | O9: 19.7 | P9: 16.04 | Q9: 19.7 | R9: 16.04 | S9: 19.7 | T9: 16.04
A10: 45929 | B10: 272 | C10: 19.99 | D10: 16.19 | E10: 19.99 | F10: 16.19 | G10: 19.99 | H10: 16.19 | I10: 19.99 | J10: 16.19 | K10: 19.99 | L10: 16.19 | M10: 19.99 | N10: 16.19 | O10: 19.99 | P10: 16.19 | Q10: 19.99 | R10: 16.19 | S10: 19.99 | T10: 16.19
A11: 45930 | B11: 273 | C11: 19.97 | D11: 16.13 | E11: 19.97 | F11: 16.13 | G11: 19.97 | H11: 16.13 | I11: 19.97 | J11: 16.13 | K11: 19.97 | L11: 16.13 | M11: 19.97 | N11: 16.13 | O11: 19.97 | P11: 16.13 | Q11: 19.97 | R11: 16.13 | S11: 19.97 | T11: 16.02
A12: 45931 | B12: 274 | C12: 20.87 | D12: 16.96 | E12: 20.87 | F12: 16.96 | G12: 20.87 | H12: 16.96 | I12: 20.87 | J12: 16.96 | K12: 20.87 | L12: 16.96 | M12: 20.87 | N12: 16.96 | O12: 20.87 | P12: 16.96 | Q12: 20.87 | R12: 16.96 | S12: 20.87 | T12: 16.68
A13: 45932 | B13: 275 | C13: 20.67 | D13: 17.35 | E13: 20.67 | F13: 17.35 | G13: 20.67 | H13: 17.35 | I13: 20.67 | J13: 17.35 | K13: 20.67 | L13: 17.35 | M13: 20.67 | N13: 17.35 | O13: 20.67 | P13: 17.35 | Q13: 20.67 | R13: 17.35 | S13: 20.67 | T13: 17.04
A14: 45933 | B14: 276 | C14: 18.5 | D14: 17.47 | E14: 18.5 | F14: 17.47 | G14: 18.5 | H14: 17.47 | I14: 18.5 | J14: 17.47 | K14: 18.5 | L14: 17.47 | M14: 18.5 | N14: 17.47 | O14: 18.5 | P14: 17.47 | Q14: 18.5 | R14: 17.47 | S14: 18.5 | T14: 17.18
... A72: 45991 | B72: 334 | C72: 13.8 | D72: 14.67 | E72: 13.96 | F72: 14.85 | G72: 13.73 | H72: 14.98 | I72: 13.75 | J72: 15.12 | K72: 13.41 | L72: 15.07 | M72: 14.14 | N72: 15.01 | O72: 14.22 | P72: 15.07 | Q72: 14.15 | R72: 15.01 | S72: 14.38 | T72: 15.18

Sheet 2017
C1: No Bypass | E1: Scenario 1 | G1: Scenario 2 | I1: Scenario 2b | K1: Scenario 2c | M1: Scenario 3 | O1: Scenario 4 | Q1: Scenario 5 | S1: Scenario 6
A2: Date | B2: JDAY | C2: AveWatt | D2: AveHazel | E2: AveWatt | F2: AveHazel | G2: AveWatt | H2: AveHazel | I2: AveWatt | J2: AveHazel | K2: AveWatt | L2: AveHazel | M2: AveWatt | N2: AveHazel | O2: AveWatt | P2: AveHazel | Q2: AveWatt | R2: AveHazel | S2: AveWatt | T2: AveHazel
A3: 45922 | B3: 265 | C3: 19.46 | D3: 18.95 | E3: 19.46 | F3: 18.95 | G3: 19.46 | H3: 18.95 | I3: 19.46 | J3: 18.95 | K3: 19.46 | L3: 18.95 | M3: 19.46 | N3: 18.95 | O3: 19.46 | P3: 18.95 | Q3: 19.46 | R3: 18.95 | S3: 19.46 | T3: 18.95
A4: 45923 | B4: 266 | C4: 19.76 | D4: 18.82 | E4: 19.76 | F4: 18.82 | G4: 19.76 | H4: 18.82 | I4: 19.76 | J4: 18.82 | K4: 19.76 | L4: 18.82 | M4: 19.76 | N4: 18.82 | O4: 19.76 | P4: 18.82 | Q4: 19.76 | R4: 18.82 | S4: 19.76 | T4: 18.82
A5: 45924 | B5: 267 | C5: 19.88 | D5: 18.43 | E5: 19.88 | F5: 18.43 | G5: 19.88 | H5: 18.43 | I5: 19.88 | J5: 18.43 | K5: 19.88 | L5: 18.43 | M5: 19.88 | N5: 18.43 | O5: 19.88 | P5: 18.43 | Q5: 19.88 | R5: 18.43 | S5: 19.88 | T5: 18.43
A6: 45925 | B6: 268 | C6: 19.91 | D6: 18.44 | E6: 19.91 | F6: 18.44 | G6: 19.91 | H6: 18.44 | I6: 19.91 | J6: 18.44 | K6: 19.91 | L6: 18.44 | M6: 19.91 | N6: 18.44 | O6: 19.91 | P6: 18.44 | Q6: 19.91 | R6: 18.44 | S6: 19.91 | T6: 18.44
A7: 45926 | B7: 269 | C7: 20.45 | D7: 19.11 | E7: 20.45 | F7: 19.11 | G7: 20.45 | H7: 19.11 | I7: 20.45 | J7: 19.11 | K7: 20.45 | L7: 19.11 | M7: 20.45 | N7: 19.11 | O7: 20.45 | P7: 19.11 | Q7: 20.45 | R7: 19.11 | S7: 20.45 | T7: 19.11
A8: 45927 | B8: 270 | C8: 20.08 | D8: 19.2 | E8: 20.08 | F8: 19.2 | G8: 20.08 | H8: 19.2 | I8: 20.08 | J8: 19.2 | K8: 20.08 | L8: 19.2 | M8: 20.08 | N8: 19.2 | O8: 20.08 | P8: 19.2 | Q8: 20.08 | R8: 19.2 | S8: 20.08 | T8: 19.2
A9: 45928 | B9: 271 | C9: 19.97 | D9: 19.01 | E9: 19.97 | F9: 19.01 | G9: 19.97 | H9: 19.01 | I9: 19.97 | J9: 19.01 | K9: 19.97 | L9: 19.01 | M9: 19.97 | N9: 19.01 | O9: 19.97 | P9: 19.01 | Q9: 19.97 | R9: 19.01 | S9: 19.97 | T9: 19.01
A10: 45929 | B10: 272 | C10: 19.98 | D10: 17.47 | E10: 19.98 | F10: 17.47 | G10: 19.98 | H10: 17.47 | I10: 19.98 | J10: 17.47 | K10: 19.98 | L10: 17.47 | M10: 19.98 | N10: 17.47 | O10: 19.98 | P10: 17.47 | Q10: 19.98 | R10: 17.47 | S10: 19.98 | T10: 17.47
A11: 45930 | B11: 273 | C11: 19.83 | D11: 17.46 | E11: 19.83 | F11: 17.46 | G11: 19.83 | H11: 17.46 | I11: 19.83 | J11: 17.46 | K11: 19.83 | L11: 17.46 | M11: 19.83 | N11: 17.46 | O11: 19.83 | P11: 17.46 | Q11: 19.83 | R11: 17.46 | S11: 19.83 | T11: 17.31
A12: 45931 | B12: 274 | C12: 20.16 | D12: 17.26 | E12: 20.16 | F12: 17.26 | G12: 20.16 | H12: 17.26 | I12: 20.16 | J12: 17.26 | K12: 20.16 | L12: 17.26 | M12: 20.16 | N12: 17.26 | O12: 20.16 | P12: 17.26 | Q12: 20.16 | R12: 17.26 | S12: 20.16 | T12: 17.29
A13: 45932 | B13: 275 | C13: 19.83 | D13: 16.87 | E13: 19.83 | F13: 16.87 | G13: 19.83 | H13: 16.87 | I13: 19.83 | J13: 16.87 | K13: 19.83 | L13: 16.87 | M13: 19.83 | N13: 16.87 | O13: 19.83 | P13: 16.87 | Q13: 19.83 | R13: 16.87 | S13: 19.83 | T13: 16.81
A14: 45933 | B14: 276 | C14: 19.3 | D14: 17.24 | E14: 19.3 | F14: 17.24 | G14: 19.3 | H14: 17.24 | I14: 19.3 | J14: 17.24 | K14: 19.3 | L14: 17.24 | M14: 19.3 | N14: 17.24 | O14: 19.3 | P14: 17.24 | Q14: 19.3 | R14: 17.24 | S14: 19.3 | T14: 17.24
... A72: 45991 | B72: 334 | C72: 12.94 | D72: 14.24 | E72: 13.13 | F72: 14.37 | G72: 13.1 | H72: 14.39 | I72: 12.91 | J72: 14.52 | K72: 12.71 | L72: 14.45 | M72: 13.25 | N72: 14.44 | O72: 13.54 | P72: 14.47 | Q72: 13.53 | R72: 14.41 | S72: 13.47 | T72: 14.58

Sheet 2020
C1: No Bypass | E1: Scenario 1 | G1: Scenario 2 | I1: Scenario 2b | K1: Scenario 2c | M1: Scenario 3 | O1: Scenario 4 | Q1: Scenario 5 | S1: Scenario 6
A2: Date | B2: JDAY | C2: AveWatt | D2: AveHazel | E2: AveWatt | F2: AveHazel | G2: AveWatt | H2: AveHazel | I2: AveWatt | J2: AveHazel | K2: AveWatt | L2: AveHazel | M2: AveWatt | N2: AveHazel | O2: AveWatt | P2: AveHazel | Q2: AveWatt | R2: AveHazel | S2: AveWatt | T2: AveHazel
A3: 45922 | B3: 265 | C3: 20.03 | D3: 19.06 | E3: 20.03 | F3: 19.06 | G3: 20.02 | H3: 19.05 | I3: 20.02 | J3: 19.05 | K3: 20.02 | L3: 19.05 | M3: 20.02 | N3: 19.05 | O3: 20.02 | P3: 19.05 | Q3: 20.03 | R3: 19.06 | S3: 20.03 | T3: 19.06
A4: 45923 | B4: 266 | C4: 19.98 | D4: 18.62 | E4: 19.98 | F4: 18.62 | G4: 19.98 | H4: 18.61 | I4: 19.98 | J4: 18.61 | K4: 19.98 | L4: 18.61 | M4: 19.98 | N4: 18.61 | O4: 19.98 | P4: 18.61 | Q4: 19.98 | R4: 18.62 | S4: 19.98 | T4: 18.62
A5: 45924 | B5: 267 | C5: 19.94 | D5: 18.19 | E5: 19.94 | F5: 18.19 | G5: 19.94 | H5: 18.2 | I5: 19.94 | J5: 18.2 | K5: 19.94 | L5: 18.2 | M5: 19.94 | N5: 18.2 | O5: 19.94 | P5: 18.2 | Q5: 19.94 | R5: 18.19 | S5: 19.94 | T5: 18.19
A6: 45925 | B6: 268 | C6: 19.89 | D6: 17.85 | E6: 19.89 | F6: 17.85 | G6: 19.88 | H6: 17.85 | I6: 19.88 | J6: 17.85 | K6: 19.88 | L6: 17.85 | M6: 19.88 | N6: 17.85 | O6: 19.88 | P6: 17.85 | Q6: 19.89 | R6: 17.85 | S6: 19.89 | T6: 17.85
A7: 45926 | B7: 269 | C7: 19.94 | D7: 18.22 | E7: 19.94 | F7: 18.22 | G7: 19.93 | H7: 18.22 | I7: 19.93 | J7: 18.22 | K7: 19.93 | L7: 18.22 | M7: 19.93 | N7: 18.22 | O7: 19.93 | P7: 18.22 | Q7: 19.94 | R7: 18.22 | S7: 19.94 | T7: 18.22
A8: 45927 | B8: 270 | C8: 20.05 | D8: 18.4 | E8: 20.05 | F8: 18.4 | G8: 20.06 | H8: 18.4 | I8: 20.06 | J8: 18.4 | K8: 20.06 | L8: 18.4 | M8: 20.06 | N8: 18.4 | O8: 20.06 | P8: 18.4 | Q8: 20.05 | R8: 18.4 | S8: 20.05 | T8: 18.4
A9: 45928 | B9: 271 | C9: 19.94 | D9: 16.31 | E9: 19.94 | F9: 16.31 | G9: 19.94 | H9: 16.31 | I9: 19.94 | J9: 16.31 | K9: 19.94 | L9: 16.31 | M9: 19.94 | N9: 16.31 | O9: 19.94 | P9: 16.31 | Q9: 19.94 | R9: 16.31 | S9: 19.94 | T9: 16.31
A10: 45929 | B10: 272 | C10: 20.1 | D10: 16.37 | E10: 20.1 | F10: 16.37 | G10: 20.1 | H10: 16.38 | I10: 20.1 | J10: 16.38 | K10: 20.1 | L10: 16.38 | M10: 20.1 | N10: 16.38 | O10: 20.1 | P10: 16.38 | Q10: 20.1 | R10: 16.37 | S10: 20.1 | T10: 16.37
A11: 45930 | B11: 273 | C11: 20.03 | D11: 16.65 | E11: 20.03 | F11: 16.65 | G11: 20.03 | H11: 16.65 | I11: 20.03 | J11: 16.65 | K11: 20.03 | L11: 16.65 | M11: 20.03 | N11: 16.65 | O11: 20.03 | P11: 16.65 | Q11: 20.03 | R11: 16.65 | S11: 20.03 | T11: 16.54
A12: 45931 | B12: 274 | C12: 20.59 | D12: 17.48 | E12: 20.59 | F12: 17.48 | G12: 20.6 | H12: 17.48 | I12: 20.6 | J12: 17.48 | K12: 20.6 | L12: 17.48 | M12: 20.6 | N12: 17.48 | O12: 20.6 | P12: 17.48 | Q12: 20.59 | R12: 17.48 | S12: 20.59 | T12: 17.17
A13: 45932 | B13: 275 | C13: 20.41 | D13: 17.73 | E13: 20.41 | F13: 17.73 | G13: 20.41 | H13: 17.73 | I13: 20.41 | J13: 17.73 | K13: 20.41 | L13: 17.73 | M13: 20.41 | N13: 17.73 | O13: 20.41 | P13: 17.73 | Q13: 20.41 | R13: 17.73 | S13: 20.41 | T13: 17.41
A14: 45933 | B14: 276 | C14: 18.4 | D14: 17.76 | E14: 18.4 | F14: 17.76 | G14: 18.39 | H14: 17.77 | I14: 18.39 | J14: 17.77 | K14: 18.39 | L14: 17.77 | M14: 18.39 | N14: 17.77 | O14: 18.39 | P14: 17.77 | Q14: 18.4 | R14: 17.76 | S14: 18.4 | T14: 17.45
... A72: 45991 | B72: 334 | C72: 12.27 | D72: 13.43 | E72: 12.55 | F72: 13.61 | G72: 12.44 | H72: 14.01 | I72: 12.54 | J72: 13.97 | K72: 12.32 | L72: 13.95 | M72: 12.75 | N72: 13.77 | O72: 12.82 | P72: 13.85 | Q72: 12.75 | R72: 13.78 | S72: 12.94 | T72: 14.05
