Workbook

Sheet 2011
C1: ATSP 41 - No Bypass | F1: ATSP 38 - No Bypass | I1: ATSP 41 - Scenario 1 | L1: ATSP 41 - Scenario 2 | O1: ATSP 41 - Scenario 3 | R1: ATSP 41 - Scenario 4 | U1: ATSP 38 - Scenario 1 | X1: ATSP 38 - Scenario 2
A2: Date | B2: JDAY | C2: AveFol | D2: AveWatt | E2: AveHazel | F2: AveFol | G2: AveWatt | H2: AveHazel | I2: AveFol | J2: AveWatt | K2: AveHazel | L2: AveFol | M2: AveWatt | N2: AveHazel | O2: AveFol | P2: AveWatt | Q2: AveHazel | R2: AveFol | S2: AveWatt | T2: AveHazel | U2: AveFol | V2: AveWatt | W2: AveHazel | X2: AveFol | Y2: AveWatt | Z2: AveHazel
A3: 46280 | B3: 258 | C3: 18.12 | E3: 18.32 | F3: 18.12 | H3: 18.32 | I3: 18.12 | K3: 18.32 | L3: 18.12 | N3: 18.32 | O3: 18.12 | Q3: 18.32 | R3: 18.12 | T3: 18.32 | U3: 18.12 | W3: 18.32 | X3: 18.12 | Z3: 18.32
A4: 46281 | B4: 259 | C4: 19.25 | E4: 19.01 | F4: 19.25 | H4: 19.01 | I4: 19.25 | K4: 19.01 | L4: 19.25 | N4: 19.01 | O4: 19.25 | Q4: 19.01 | R4: 19.25 | T4: 19.01 | U4: 19.25 | W4: 19.01 | X4: 19.25 | Z4: 19.01
A5: 46282 | B5: 260 | C5: 17.86 | E5: 18.08 | F5: 17.86 | H5: 18.08 | I5: 17.86 | K5: 18.08 | L5: 17.86 | N5: 18.08 | O5: 17.86 | Q5: 18.08 | R5: 17.86 | T5: 18.08 | U5: 17.86 | W5: 18.08 | X5: 17.86 | Z5: 18.08
A6: 46283 | B6: 261 | C6: 17.61 | D6: 19.7 | E6: 18.13 | F6: 17.61 | G6: 19.7 | H6: 18.13 | I6: 17.61 | J6: 19.7 | K6: 18.13 | L6: 17.61 | M6: 19.7 | N6: 18.13 | O6: 17.61 | P6: 19.7 | Q6: 18.13 | R6: 17.61 | S6: 19.7 | T6: 18.13 | U6: 17.61 | V6: 19.7 | W6: 18.13 | X6: 17.61 | Y6: 19.7 | Z6: 18.13
A7: 46284 | B7: 262 | C7: 17.78 | D7: 20.57 | E7: 18.39 | F7: 17.78 | G7: 20.57 | H7: 18.39 | I7: 17.78 | J7: 20.57 | K7: 18.39 | L7: 17.78 | M7: 20.57 | N7: 18.39 | O7: 17.78 | P7: 20.57 | Q7: 18.39 | R7: 17.78 | S7: 20.57 | T7: 18.39 | U7: 17.78 | V7: 20.57 | W7: 18.39 | X7: 17.78 | Y7: 20.57 | Z7: 18.39
A8: 46285 | B8: 263 | C8: 17.35 | D8: 20.06 | E8: 18.15 | F8: 17.35 | G8: 20.06 | H8: 18.15 | I8: 17.35 | J8: 20.06 | K8: 18.15 | L8: 17.35 | M8: 20.06 | N8: 18.15 | O8: 17.35 | P8: 20.06 | Q8: 18.15 | R8: 17.35 | S8: 20.06 | T8: 18.15 | U8: 17.35 | V8: 20.06 | W8: 18.15 | X8: 17.35 | Y8: 20.06 | Z8: 18.15
A9: 46286 | B9: 264 | C9: 17.94 | D9: 20.02 | E9: 18.56 | F9: 17.94 | G9: 20.02 | H9: 18.56 | I9: 17.94 | J9: 20.02 | K9: 18.56 | L9: 17.94 | M9: 20.02 | N9: 18.56 | O9: 17.94 | P9: 20.02 | Q9: 18.56 | R9: 17.94 | S9: 20.02 | T9: 18.56 | U9: 17.94 | V9: 20.02 | W9: 18.56 | X9: 17.94 | Y9: 20.02 | Z9: 18.56
A10: 46287 | B10: 265 | C10: 18.05 | D10: 20.01 | E10: 18.59 | F10: 18.05 | G10: 20.01 | H10: 18.59 | I10: 18.05 | J10: 20.01 | K10: 18.59 | L10: 18.05 | M10: 20.01 | N10: 18.59 | O10: 18.05 | P10: 20.01 | Q10: 18.59 | R10: 18.05 | S10: 20.01 | T10: 18.59 | U10: 18.05 | V10: 20.01 | W10: 18.59 | X10: 18.05 | Y10: 20.01 | Z10: 18.59
A11: 46288 | B11: 266 | C11: 18.12 | D11: 20 | E11: 18.7 | F11: 18.12 | G11: 20 | H11: 18.7 | I11: 18.12 | J11: 20 | K11: 18.7 | L11: 18.12 | M11: 20 | N11: 18.7 | O11: 18.12 | P11: 20 | Q11: 18.7 | R11: 18.12 | S11: 20 | T11: 18.7 | U11: 18.12 | V11: 20 | W11: 18.7 | X11: 18.12 | Y11: 20 | Z11: 18.7
A12: 46289 | B12: 267 | C12: 18.06 | D12: 19.56 | E12: 18.36 | F12: 18.06 | G12: 19.56 | H12: 18.36 | I12: 18.06 | J12: 19.56 | K12: 18.36 | L12: 18.06 | M12: 19.56 | N12: 18.36 | O12: 18.06 | P12: 19.56 | Q12: 18.36 | R12: 18.06 | S12: 19.56 | T12: 18.36 | U12: 18.06 | V12: 19.56 | W12: 18.36 | X12: 18.06 | Y12: 19.56 | Z12: 18.36
A13: 46290 | B13: 268 | C13: 17.78 | D13: 18.75 | E13: 17.82 | F13: 17.78 | G13: 18.75 | H13: 17.82 | I13: 17.78 | J13: 18.75 | K13: 17.82 | L13: 17.78 | M13: 18.75 | N13: 17.82 | O13: 17.78 | P13: 18.75 | Q13: 17.82 | R13: 17.78 | S13: 18.75 | T13: 17.82 | U13: 17.78 | V13: 18.75 | W13: 17.82 | X13: 17.78 | Y13: 18.75 | Z13: 17.82
A14: 46291 | B14: 269 | C14: 18.03 | D14: 18.99 | E14: 18.06 | F14: 18.03 | G14: 18.99 | H14: 18.06 | I14: 18.03 | J14: 18.99 | K14: 18.06 | L14: 18.03 | M14: 18.99 | N14: 18.06 | O14: 18.03 | P14: 18.99 | Q14: 18.06 | R14: 18.03 | S14: 18.99 | T14: 18.06 | U14: 18.03 | V14: 18.99 | W14: 18.06 | X14: 18.03 | Y14: 18.99 | Z14: 18.06
A15: 46292 | B15: 270 | C15: 18.38 | D15: 19.37 | E15: 18.44 | F15: 18.38 | G15: 19.37 | H15: 18.44 | I15: 18.38 | J15: 19.37 | K15: 18.44 | L15: 18.38 | M15: 19.37 | N15: 18.44 | O15: 18.38 | P15: 19.37 | Q15: 18.44 | R15: 18.38 | S15: 19.37 | T15: 18.44 | U15: 18.38 | V15: 19.37 | W15: 18.44 | X15: 18.38 | Y15: 19.37 | Z15: 18.44
A16: 46293 | B16: 271 | C16: 18.45 | D16: 19.81 | E16: 18.69 | F16: 17.88 | G16: 19.81 | H16: 18.31 | I16: 18.45 | J16: 19.81 | K16: 18.69 | L16: 18.45 | M16: 19.81 | N16: 18.69 | O16: 18.45 | P16: 19.81 | Q16: 18.69 | R16: 18.45 | S16: 19.81 | T16: 18.69 | U16: 17.88 | V16: 19.81 | W16: 18.31 | X16: 17.88 | Y16: 19.81 | Z16: 18.31
A17: 46294 | B17: 272 | C17: 18.47 | D17: 20.09 | E17: 18.74 | F17: 17.18 | G17: 20.09 | H17: 17.9 | I17: 18.47 | J17: 20.09 | K17: 18.74 | L17: 18.47 | M17: 20.09 | N17: 18.74 | O17: 18.47 | P17: 20.09 | Q17: 18.74 | R17: 18.47 | S17: 20.09 | T17: 18.74 | U17: 17.18 | V17: 20.09 | W17: 17.9 | X17: 17.18 | Y17: 20.09 | Z17: 17.9
... A79: 46356 | B79: 334 | C79: 12.68 | D79: 12.38 | E79: 13.39 | F79: 12.73 | G79: 12.44 | H79: 13.42 | I79: 13.04 | J79: 12.78 | K79: 13.63 | L79: 12.98 | M79: 12.86 | N79: 13.59 | O79: 12.77 | P79: 12.48 | Q79: 13.45 | R79: 13.09 | S79: 12.77 | T79: 13.67 | U79: 13.08 | V79: 12.82 | W79: 13.66 | X79: 13.05 | Y79: 12.92 | Z79: 13.64

Sheet 2014
C1: ATSP 41 - No Bypass | F1: ATSP 38 - No Bypass | I1: ATSP 41 - Scenario 1 | L1: ATSP 41 - Scenario 2 | O1: ATSP 41 - Scenario 3 | R1: ATSP 41 - Scenario 4 | U1: ATSP 38 - Scenario 1 | X1: ATSP 38 - Scenario 2
A2: Date | B2: JDAY | C2: AveFol | D2: AveWatt | E2: AveHazel | F2: AveFol | G2: AveWatt | H2: AveHazel | I2: AveFol | J2: AveWatt | K2: AveHazel | L2: AveFol | M2: AveWatt | N2: AveHazel | O2: AveFol | P2: AveWatt | Q2: AveHazel | R2: AveFol | S2: AveWatt | T2: AveHazel | U2: AveFol | V2: AveWatt | W2: AveHazel | X2: AveFol | Y2: AveWatt | Z2: AveHazel
A3: 46280 | B3: 258 | C3: 18.11 | E3: 18.68 | F3: 18.11 | H3: 18.68 | I3: 18.11 | K3: 18.68 | L3: 18.11 | N3: 18.68 | O3: 18.11 | Q3: 18.68 | R3: 18.11 | T3: 18.68 | U3: 18.11 | W3: 18.68 | X3: 18.11 | Z3: 18.68
A4: 46281 | B4: 259 | C4: 19.97 | E4: 19.84 | F4: 19.97 | H4: 19.84 | I4: 19.97 | K4: 19.84 | L4: 19.97 | N4: 19.84 | O4: 19.97 | Q4: 19.84 | R4: 19.97 | T4: 19.84 | U4: 19.97 | W4: 19.84 | X4: 19.97 | Z4: 19.84
A5: 46282 | B5: 260 | C5: 18.44 | E5: 18.78 | F5: 18.44 | H5: 18.78 | I5: 18.44 | K5: 18.78 | L5: 18.44 | N5: 18.78 | O5: 18.44 | Q5: 18.78 | R5: 18.44 | T5: 18.78 | U5: 18.44 | W5: 18.78 | X5: 18.44 | Z5: 18.78
A6: 46283 | B6: 261 | C6: 19.78 | D6: 19.69 | E6: 19.63 | F6: 19.78 | G6: 19.69 | H6: 19.63 | I6: 19.78 | J6: 19.69 | K6: 19.63 | L6: 19.78 | M6: 19.69 | N6: 19.63 | O6: 19.78 | P6: 19.69 | Q6: 19.63 | R6: 19.78 | S6: 19.69 | T6: 19.63 | U6: 19.78 | V6: 19.69 | W6: 19.63 | X6: 19.78 | Y6: 19.69 | Z6: 19.63
A7: 46284 | B7: 262 | C7: 20.02 | D7: 20.43 | E7: 19.71 | F7: 20.02 | G7: 20.43 | H7: 19.71 | I7: 20.02 | J7: 20.43 | K7: 19.71 | L7: 20.02 | M7: 20.43 | N7: 19.71 | O7: 20.02 | P7: 20.43 | Q7: 19.71 | R7: 20.02 | S7: 20.43 | T7: 19.71 | U7: 20.02 | V7: 20.43 | W7: 19.71 | X7: 20.02 | Y7: 20.43 | Z7: 19.71
A8: 46285 | B8: 263 | C8: 18.71 | D8: 19.96 | E8: 18.91 | F8: 18.71 | G8: 19.96 | H8: 18.91 | I8: 18.71 | J8: 19.96 | K8: 18.91 | L8: 18.71 | M8: 19.96 | N8: 18.91 | O8: 18.71 | P8: 19.96 | Q8: 18.91 | R8: 18.71 | S8: 19.96 | T8: 18.91 | U8: 18.71 | V8: 19.96 | W8: 18.91 | X8: 18.71 | Y8: 19.96 | Z8: 18.91
A9: 46286 | B9: 264 | C9: 19.3 | D9: 20.11 | E9: 19.08 | F9: 19.3 | G9: 20.11 | H9: 19.08 | I9: 19.3 | J9: 20.11 | K9: 19.08 | L9: 19.3 | M9: 20.11 | N9: 19.08 | O9: 19.3 | P9: 20.11 | Q9: 19.08 | R9: 19.3 | S9: 20.11 | T9: 19.08 | U9: 19.3 | V9: 20.11 | W9: 19.08 | X9: 19.3 | Y9: 20.11 | Z9: 19.08
A10: 46287 | B10: 265 | C10: 20.21 | D10: 20.45 | E10: 19.77 | F10: 20.21 | G10: 20.45 | H10: 19.77 | I10: 20.21 | J10: 20.45 | K10: 19.77 | L10: 20.21 | M10: 20.45 | N10: 19.77 | O10: 20.21 | P10: 20.45 | Q10: 19.77 | R10: 20.21 | S10: 20.45 | T10: 19.77 | U10: 20.21 | V10: 20.45 | W10: 19.77 | X10: 20.21 | Y10: 20.45 | Z10: 19.77
A11: 46288 | B11: 266 | C11: 19.74 | D11: 20.07 | E11: 19.54 | F11: 19.74 | G11: 20.07 | H11: 19.54 | I11: 19.74 | J11: 20.07 | K11: 19.54 | L11: 19.74 | M11: 20.07 | N11: 19.54 | O11: 19.74 | P11: 20.07 | Q11: 19.54 | R11: 19.74 | S11: 20.07 | T11: 19.54 | U11: 19.74 | V11: 20.07 | W11: 19.54 | X11: 19.74 | Y11: 20.07 | Z11: 19.54
A12: 46289 | B12: 267 | C12: 19.64 | D12: 20.22 | E12: 19.4 | F12: 19.64 | G12: 20.22 | H12: 19.4 | I12: 19.64 | J12: 20.22 | K12: 19.4 | L12: 19.64 | M12: 20.22 | N12: 19.4 | O12: 19.64 | P12: 20.22 | Q12: 19.4 | R12: 19.64 | S12: 20.22 | T12: 19.4 | U12: 19.64 | V12: 20.22 | W12: 19.4 | X12: 19.64 | Y12: 20.22 | Z12: 19.4
A13: 46290 | B13: 268 | C13: 20.07 | D13: 19.8 | E13: 19.32 | F13: 20.07 | G13: 19.8 | H13: 19.32 | I13: 20.07 | J13: 19.8 | K13: 19.32 | L13: 20.07 | M13: 19.8 | N13: 19.32 | O13: 20.07 | P13: 19.8 | Q13: 19.32 | R13: 20.07 | S13: 19.8 | T13: 19.32 | U13: 20.07 | V13: 19.8 | W13: 19.32 | X13: 20.07 | Y13: 19.8 | Z13: 19.32
A14: 46291 | B14: 269 | C14: 20.14 | D14: 19.56 | E14: 19.35 | F14: 20.14 | G14: 19.56 | H14: 19.35 | I14: 20.14 | J14: 19.56 | K14: 19.35 | L14: 20.14 | M14: 19.56 | N14: 19.35 | O14: 20.14 | P14: 19.56 | Q14: 19.35 | R14: 20.14 | S14: 19.56 | T14: 19.35 | U14: 20.14 | V14: 19.56 | W14: 19.35 | X14: 20.14 | Y14: 19.56 | Z14: 19.35
A15: 46292 | B15: 270 | C15: 19.65 | D15: 19.78 | E15: 19.11 | F15: 19.65 | G15: 19.78 | H15: 19.11 | I15: 19.65 | J15: 19.78 | K15: 19.11 | L15: 19.65 | M15: 19.78 | N15: 19.11 | O15: 19.65 | P15: 19.78 | Q15: 19.11 | R15: 19.65 | S15: 19.78 | T15: 19.11 | U15: 19.65 | V15: 19.78 | W15: 19.11 | X15: 19.65 | Y15: 19.78 | Z15: 19.11
A16: 46293 | B16: 271 | C16: 19.22 | D16: 19.74 | E16: 18.72 | F16: 16.17 | G16: 19.74 | H16: 16.72 | I16: 19.22 | J16: 19.74 | K16: 18.72 | L16: 19.22 | M16: 19.74 | N16: 18.72 | O16: 19.22 | P16: 19.74 | Q16: 18.72 | R16: 19.22 | S16: 19.74 | T16: 18.72 | U16: 16.17 | V16: 19.74 | W16: 16.72 | X16: 16.17 | Y16: 19.74 | Z16: 16.72
A17: 46294 | B17: 272 | C17: 18.97 | D17: 20.04 | E17: 18.64 | F17: 15.97 | G17: 20.04 | H17: 16.68 | I17: 18.97 | J17: 20.04 | K17: 18.64 | L17: 18.97 | M17: 20.04 | N17: 18.64 | O17: 18.97 | P17: 20.04 | Q17: 18.64 | R17: 18.97 | S17: 20.04 | T17: 18.64 | U17: 15.97 | V17: 20.04 | W17: 16.68 | X17: 15.97 | Y17: 20.04 | Z17: 16.68
... A79: 46356 | B79: 334 | C79: 13.25 | D79: 13.19 | E79: 13.92 | F79: 13.53 | G79: 13.42 | H79: 14.11 | I79: 13.89 | J79: 13.44 | K79: 14.36 | L79: 13.85 | M79: 13.61 | N79: 14.33 | O79: 13.5 | P79: 13.24 | Q79: 14.09 | R79: 14.14 | S79: 13.71 | T79: 14.53 | U79: 14.17 | V79: 13.65 | W79: 14.55 | X79: 14.1 | Y79: 13.8 | Z79: 14.51

Sheet 2017
C1: ATSP 41 - No Bypass | F1: ATSP 38 - No Bypass | I1: ATSP 41 - Scenario 1 | L1: ATSP 41 - Scenario 2 | O1: ATSP 41 - Scenario 3 | R1: ATSP 41 - Scenario 4 | U1: ATSP 38 - Scenario 1 | X1: ATSP 38 - Scenario 2
A2: Date | B2: JDAY | C2: AveFol | D2: AveWatt | E2: AveHazel | F2: AveFol | G2: AveWatt | H2: AveHazel | I2: AveFol | J2: AveWatt | K2: AveHazel | L2: AveFol | M2: AveWatt | N2: AveHazel | O2: AveFol | P2: AveWatt | Q2: AveHazel | R2: AveFol | S2: AveWatt | T2: AveHazel | U2: AveFol | V2: AveWatt | W2: AveHazel | X2: AveFol | Y2: AveWatt | Z2: AveHazel
A3: 46280 | B3: 258 | C3: 18.21 | E3: 18.41 | F3: 18.21 | H3: 18.41 | I3: 18.21 | K3: 18.41 | L3: 18.21 | N3: 18.41 | O3: 18.21 | Q3: 18.41 | R3: 18.21 | T3: 18.41 | U3: 18.21 | W3: 18.41 | X3: 18.21 | Z3: 18.41
A4: 46281 | B4: 259 | C4: 19.76 | E4: 19.54 | F4: 19.76 | H4: 19.54 | I4: 19.76 | K4: 19.54 | L4: 19.76 | N4: 19.54 | O4: 19.76 | Q4: 19.54 | R4: 19.76 | T4: 19.54 | U4: 19.76 | W4: 19.54 | X4: 19.76 | Z4: 19.54
A5: 46282 | B5: 260 | C5: 19.78 | E5: 19.51 | F5: 19.78 | H5: 19.51 | I5: 19.78 | K5: 19.51 | L5: 19.78 | N5: 19.51 | O5: 19.78 | Q5: 19.51 | R5: 19.78 | T5: 19.51 | U5: 19.78 | W5: 19.51 | X5: 19.78 | Z5: 19.51
A6: 46283 | B6: 261 | C6: 20.22 | D6: 19.24 | E6: 19.71 | F6: 20.22 | G6: 19.24 | H6: 19.71 | I6: 20.22 | J6: 19.24 | K6: 19.71 | L6: 20.22 | M6: 19.24 | N6: 19.71 | O6: 20.22 | P6: 19.24 | Q6: 19.71 | R6: 20.22 | S6: 19.24 | T6: 19.71 | U6: 20.22 | V6: 19.24 | W6: 19.71 | X6: 20.22 | Y6: 19.24 | Z6: 19.71
A7: 46284 | B7: 262 | C7: 19.4 | D7: 19.72 | E7: 19.02 | F7: 19.4 | G7: 19.72 | H7: 19.02 | I7: 19.4 | J7: 19.72 | K7: 19.02 | L7: 19.4 | M7: 19.72 | N7: 19.02 | O7: 19.4 | P7: 19.72 | Q7: 19.02 | R7: 19.4 | S7: 19.72 | T7: 19.02 | U7: 19.4 | V7: 19.72 | W7: 19.02 | X7: 19.4 | Y7: 19.72 | Z7: 19.02
A8: 46285 | B8: 263 | C8: 20.17 | D8: 19.64 | E8: 19.49 | F8: 20.17 | G8: 19.64 | H8: 19.49 | I8: 20.17 | J8: 19.64 | K8: 19.49 | L8: 20.17 | M8: 19.64 | N8: 19.49 | O8: 20.17 | P8: 19.64 | Q8: 19.49 | R8: 20.17 | S8: 19.64 | T8: 19.49 | U8: 20.17 | V8: 19.64 | W8: 19.49 | X8: 20.17 | Y8: 19.64 | Z8: 19.49
A9: 46286 | B9: 264 | C9: 20.19 | D9: 19.59 | E9: 19.38 | F9: 20.19 | G9: 19.59 | H9: 19.38 | I9: 20.19 | J9: 19.59 | K9: 19.38 | L9: 20.19 | M9: 19.59 | N9: 19.38 | O9: 20.19 | P9: 19.59 | Q9: 19.38 | R9: 20.19 | S9: 19.59 | T9: 19.38 | U9: 20.19 | V9: 19.59 | W9: 19.38 | X9: 20.19 | Y9: 19.59 | Z9: 19.38
A10: 46287 | B10: 265 | C10: 19.78 | D10: 19.17 | E10: 19.08 | F10: 19.78 | G10: 19.17 | H10: 19.08 | I10: 19.78 | J10: 19.17 | K10: 19.08 | L10: 19.78 | M10: 19.17 | N10: 19.08 | O10: 19.78 | P10: 19.17 | Q10: 19.08 | R10: 19.78 | S10: 19.17 | T10: 19.08 | U10: 19.78 | V10: 19.17 | W10: 19.08 | X10: 19.78 | Y10: 19.17 | Z10: 19.08
A11: 46288 | B11: 266 | C11: 19.37 | D11: 19.78 | E11: 18.88 | F11: 19.37 | G11: 19.78 | H11: 18.88 | I11: 19.37 | J11: 19.78 | K11: 18.88 | L11: 19.37 | M11: 19.78 | N11: 18.88 | O11: 19.37 | P11: 19.78 | Q11: 18.88 | R11: 19.37 | S11: 19.78 | T11: 18.88 | U11: 19.37 | V11: 19.78 | W11: 18.88 | X11: 19.37 | Y11: 19.78 | Z11: 18.88
A12: 46289 | B12: 267 | C12: 18.73 | D12: 19.89 | E12: 18.48 | F12: 18.73 | G12: 19.89 | H12: 18.48 | I12: 18.73 | J12: 19.89 | K12: 18.48 | L12: 18.73 | M12: 19.89 | N12: 18.48 | O12: 18.73 | P12: 19.89 | Q12: 18.48 | R12: 18.73 | S12: 19.89 | T12: 18.48 | U12: 18.73 | V12: 19.89 | W12: 18.48 | X12: 18.73 | Y12: 19.89 | Z12: 18.48
A13: 46290 | B13: 268 | C13: 18.66 | D13: 19.94 | E13: 18.52 | F13: 18.66 | G13: 19.94 | H13: 18.52 | I13: 18.66 | J13: 19.94 | K13: 18.52 | L13: 18.66 | M13: 19.94 | N13: 18.52 | O13: 18.66 | P13: 19.94 | Q13: 18.52 | R13: 18.66 | S13: 19.94 | T13: 18.52 | U13: 18.66 | V13: 19.94 | W13: 18.52 | X13: 18.66 | Y13: 19.94 | Z13: 18.52
A14: 46291 | B14: 269 | C14: 19.18 | D14: 20.44 | E14: 19.12 | F14: 19.18 | G14: 20.44 | H14: 19.12 | I14: 19.18 | J14: 20.44 | K14: 19.12 | L14: 19.18 | M14: 20.44 | N14: 19.12 | O14: 19.18 | P14: 20.44 | Q14: 19.12 | R14: 19.18 | S14: 20.44 | T14: 19.12 | U14: 19.18 | V14: 20.44 | W14: 19.12 | X14: 19.18 | Y14: 20.44 | Z14: 19.12
A15: 46292 | B15: 270 | C15: 19.25 | D15: 20.07 | E15: 19.14 | F15: 19.25 | G15: 20.07 | H15: 19.14 | I15: 19.25 | J15: 20.07 | K15: 19.14 | L15: 19.25 | M15: 20.07 | N15: 19.14 | O15: 19.25 | P15: 20.07 | Q15: 19.14 | R15: 19.25 | S15: 20.07 | T15: 19.14 | U15: 19.25 | V15: 20.07 | W15: 19.14 | X15: 19.25 | Y15: 20.07 | Z15: 19.14
A16: 46293 | B16: 271 | C16: 19.29 | D16: 20 | E16: 19.14 | F16: 19.04 | G16: 20 | H16: 18.97 | I16: 19.29 | J16: 20 | K16: 19.14 | L16: 19.29 | M16: 20 | N16: 19.14 | O16: 19.29 | P16: 20 | Q16: 19.14 | R16: 19.29 | S16: 20 | T16: 19.14 | U16: 19.04 | V16: 20 | W16: 18.97 | X16: 19.04 | Y16: 20 | Z16: 18.97
A17: 46294 | B17: 272 | C17: 19.41 | D17: 19.97 | E17: 19.09 | F17: 17.46 | G17: 19.97 | H17: 17.81 | I17: 19.41 | J17: 19.97 | K17: 19.09 | L17: 19.41 | M17: 19.97 | N17: 19.09 | O17: 19.41 | P17: 19.97 | Q17: 19.09 | R17: 19.41 | S17: 19.97 | T17: 19.09 | U17: 17.46 | V17: 19.97 | W17: 17.81 | X17: 17.46 | Y17: 19.97 | Z17: 17.81
... A79: 46356 | B79: 334 | C79: 13.24 | D79: 12.74 | E79: 13.61 | F79: 13.28 | G79: 12.78 | H79: 13.64 | I79: 13.65 | J79: 12.93 | K79: 13.89 | L79: 13.59 | M79: 13.1 | N79: 13.85 | O79: 13.38 | P79: 12.67 | Q79: 13.71 | R79: 13.79 | S79: 12.98 | T79: 13.99 | U79: 13.71 | V79: 12.97 | W79: 13.93 | X79: 13.64 | Y79: 13.14 | Z79: 13.88

Sheet 2020
C1: ATSP 41 - No Bypass | F1: ATSP 38 - No Bypass | I1: ATSP 41 - Scenario 1 | L1: ATSP 41 - Scenario 2 | O1: ATSP 41 - Scenario 3 | R1: ATSP 41 - Scenario 4 | U1: ATSP 38 - Scenario 1 | X1: ATSP 38 - Scenario 2
A2: Date | B2: JDAY | C2: AveFol | D2: AveWatt | E2: AveHazel | F2: AveFol | G2: AveWatt | H2: AveHazel | I2: AveFol | J2: AveWatt | K2: AveHazel | L2: AveFol | M2: AveWatt | N2: AveHazel | O2: AveFol | P2: AveWatt | Q2: AveHazel | R2: AveFol | S2: AveWatt | T2: AveHazel | U2: AveFol | V2: AveWatt | W2: AveHazel | X2: AveFol | Y2: AveWatt | Z2: AveHazel
A3: 46280 | B3: 258 | C3: 18.18 | E3: 18.46 | F3: 18.18 | H3: 18.46 | I3: 18.18 | K3: 18.46 | L3: 18.18 | N3: 18.46 | O3: 18.18 | Q3: 18.46 | R3: 18.18 | T3: 18.46 | U3: 18.18 | W3: 18.46 | X3: 18.18 | Z3: 18.46
A4: 46281 | B4: 259 | C4: 19.56 | E4: 19.46 | F4: 19.56 | H4: 19.46 | I4: 19.56 | K4: 19.46 | L4: 19.56 | N4: 19.46 | O4: 19.56 | Q4: 19.46 | R4: 19.56 | T4: 19.46 | U4: 19.56 | W4: 19.46 | X4: 19.56 | Z4: 19.46
A5: 46282 | B5: 260 | C5: 19.39 | E5: 19.35 | F5: 19.39 | H5: 19.35 | I5: 19.39 | K5: 19.35 | L5: 19.39 | N5: 19.35 | O5: 19.39 | Q5: 19.35 | R5: 19.39 | T5: 19.35 | U5: 19.39 | W5: 19.35 | X5: 19.39 | Z5: 19.35
A6: 46283 | B6: 261 | C6: 18.84 | D6: 19.74 | E6: 18.99 | F6: 18.84 | G6: 19.74 | H6: 18.99 | I6: 18.84 | J6: 19.74 | K6: 18.99 | L6: 18.84 | M6: 19.74 | N6: 18.99 | O6: 18.84 | P6: 19.74 | Q6: 18.99 | R6: 18.84 | S6: 19.74 | T6: 18.99 | U6: 18.84 | V6: 19.74 | W6: 18.99 | X6: 18.84 | Y6: 19.74 | Z6: 18.99
A7: 46284 | B7: 262 | C7: 18.54 | D7: 20.12 | E7: 18.65 | F7: 18.54 | G7: 20.12 | H7: 18.65 | I7: 18.54 | J7: 20.12 | K7: 18.65 | L7: 18.54 | M7: 20.12 | N7: 18.65 | O7: 18.54 | P7: 20.12 | Q7: 18.65 | R7: 18.54 | S7: 20.12 | T7: 18.65 | U7: 18.54 | V7: 20.12 | W7: 18.65 | X7: 18.54 | Y7: 20.12 | Z7: 18.65
A8: 46285 | B8: 263 | C8: 18.89 | D8: 20.01 | E8: 18.86 | F8: 18.89 | G8: 20.01 | H8: 18.86 | I8: 18.89 | J8: 20.01 | K8: 18.86 | L8: 18.89 | M8: 20.01 | N8: 18.86 | O8: 18.89 | P8: 20.01 | Q8: 18.86 | R8: 18.89 | S8: 20.01 | T8: 18.86 | U8: 18.89 | V8: 20.01 | W8: 18.86 | X8: 18.89 | Y8: 20.01 | Z8: 18.86
A9: 46286 | B9: 264 | C9: 18.78 | D9: 19.98 | E9: 18.87 | F9: 18.78 | G9: 19.98 | H9: 18.87 | I9: 18.78 | J9: 19.98 | K9: 18.87 | L9: 18.78 | M9: 19.98 | N9: 18.87 | O9: 18.78 | P9: 19.98 | Q9: 18.87 | R9: 18.78 | S9: 19.98 | T9: 18.87 | U9: 18.78 | V9: 19.98 | W9: 18.87 | X9: 18.78 | Y9: 19.98 | Z9: 18.87
A10: 46287 | B10: 265 | C10: 18.97 | D10: 20.1 | E10: 19.09 | F10: 18.97 | G10: 20.1 | H10: 19.09 | I10: 18.97 | J10: 20.1 | K10: 19.09 | L10: 18.97 | M10: 20.1 | N10: 19.09 | O10: 18.97 | P10: 20.1 | Q10: 19.09 | R10: 18.97 | S10: 20.1 | T10: 19.09 | U10: 18.97 | V10: 20.1 | W10: 19.09 | X10: 18.97 | Y10: 20.1 | Z10: 19.09
A11: 46288 | B11: 266 | C11: 19.62 | D11: 20.13 | E11: 19.45 | F11: 19.62 | G11: 20.13 | H11: 19.45 | I11: 19.62 | J11: 20.13 | K11: 19.45 | L11: 19.62 | M11: 20.13 | N11: 19.45 | O11: 19.62 | P11: 20.13 | Q11: 19.45 | R11: 19.62 | S11: 20.13 | T11: 19.45 | U11: 19.62 | V11: 20.13 | W11: 19.45 | X11: 19.62 | Y11: 20.13 | Z11: 19.45
A12: 46289 | B12: 267 | C12: 19.96 | D12: 19.99 | E12: 19.63 | F12: 19.96 | G12: 19.99 | H12: 19.63 | I12: 19.96 | J12: 19.99 | K12: 19.63 | L12: 19.96 | M12: 19.99 | N12: 19.63 | O12: 19.96 | P12: 19.99 | Q12: 19.63 | R12: 19.96 | S12: 19.99 | T12: 19.63 | U12: 19.96 | V12: 19.99 | W12: 19.63 | X12: 19.96 | Y12: 19.99 | Z12: 19.63
A13: 46290 | B13: 268 | C13: 18.13 | D13: 20.06 | E13: 18.38 | F13: 18.13 | G13: 20.06 | H13: 18.38 | I13: 18.13 | J13: 20.06 | K13: 18.38 | L13: 18.13 | M13: 20.06 | N13: 18.38 | O13: 18.13 | P13: 20.06 | Q13: 18.38 | R13: 18.13 | S13: 20.06 | T13: 18.38 | U13: 18.13 | V13: 20.06 | W13: 18.38 | X13: 18.13 | Y13: 20.06 | Z13: 18.38
A14: 46291 | B14: 269 | C14: 17.61 | D14: 20.14 | E14: 17.92 | F14: 17.61 | G14: 20.14 | H14: 17.92 | I14: 17.61 | J14: 20.14 | K14: 17.92 | L14: 17.61 | M14: 20.14 | N14: 17.92 | O14: 17.61 | P14: 20.14 | Q14: 17.92 | R14: 17.61 | S14: 20.14 | T14: 17.92 | U14: 17.61 | V14: 20.14 | W14: 17.92 | X14: 17.61 | Y14: 20.14 | Z14: 17.92
A15: 46292 | B15: 270 | C15: 17.78 | D15: 20.7 | E15: 18.16 | F15: 17.78 | G15: 20.7 | H15: 18.16 | I15: 17.78 | J15: 20.7 | K15: 18.16 | L15: 17.78 | M15: 20.7 | N15: 18.16 | O15: 17.78 | P15: 20.7 | Q15: 18.16 | R15: 17.78 | S15: 20.7 | T15: 18.16 | U15: 17.78 | V15: 20.7 | W15: 18.16 | X15: 17.78 | Y15: 20.7 | Z15: 18.16
A16: 46293 | B16: 271 | C16: 17.58 | D16: 20.17 | E16: 18.19 | F16: 14.99 | G16: 20.17 | H16: 16.48 | I16: 17.58 | J16: 20.17 | K16: 18.19 | L16: 17.58 | M16: 20.17 | N16: 18.19 | O16: 17.58 | P16: 20.17 | Q16: 18.19 | R16: 17.58 | S16: 20.17 | T16: 18.19 | U16: 14.99 | V16: 20.17 | W16: 16.48 | X16: 14.99 | Y16: 20.17 | Z16: 16.48
A17: 46294 | B17: 272 | C17: 17.57 | D17: 19.97 | E17: 18.19 | F17: 14.67 | G17: 19.97 | H17: 16.3 | I17: 17.57 | J17: 19.97 | K17: 18.19 | L17: 17.57 | M17: 19.97 | N17: 18.19 | O17: 17.57 | P17: 19.97 | Q17: 18.19 | R17: 17.57 | S17: 19.97 | T17: 18.19 | U17: 14.67 | V17: 19.97 | W17: 16.3 | X17: 14.67 | Y17: 19.97 | Z17: 16.3
... A79: 46356 | B79: 334 | C79: 12.46 | D79: 11.71 | E79: 12.88 | F79: 12.65 | G79: 11.9 | H79: 13.01 | I79: 12.95 | J79: 12.06 | K79: 13.21 | L79: 12.9 | M79: 12.14 | N79: 13.18 | O79: 12.77 | P79: 11.75 | Q79: 13.09 | R79: 12.96 | S79: 12.12 | T79: 13.22 | U79: 13.05 | V79: 12.23 | W79: 13.28 | X79: 13.02 | Y79: 12.26 | Z79: 13.26

Sheet Averaged All Years
C1: ATSP 41 - No Bypass | F1: ATSP 38 - No Bypass | I1: ATSP 41 - Scenario 1 | L1: ATSP 41 - Scenario 2 | O1: ATSP 41 - Scenario 3 | R1: ATSP 41 - Scenario 4 | U1: ATSP 38 - Scenario 1 | X1: ATSP 38 - Scenario 2
A2: Date | B2: JDAY | C2: AveFol | D2: AveWatt | E2: AveHazel | F2: AveFol | G2: AveWatt | H2: AveHazel | I2: AveFol | J2: AveWatt | K2: AveHazel | L2: AveFol | M2: AveWatt | N2: AveHazel | O2: AveFol | P2: AveWatt | Q2: AveHazel | R2: AveFol | S2: AveWatt | T2: AveHazel | U2: AveFol | V2: AveWatt | W2: AveHazel | X2: AveFol | Y2: AveWatt | Z2: AveHazel
A3: 46280 | B3: 258 | C3: =AVERAGE('2011'!C3,'2014'!C3,'2017'!C3,'2020'!C3) -> 18.155 | E3: =AVERAGE('2011'!E3,'2014'!E3,'2017'!E3,'2020'!E3) -> 18.4675 | F3: =AVERAGE('2011'!F3,'2014'!F3,'2017'!F3,'2020'!F3) -> 18.155 | H3: =AVERAGE('2011'!H3,'2014'!H3,'2017'!H3,'2020'!H3) -> 18.4675 | I3: =AVERAGE('2011'!I3,'2014'!I3,'2017'!I3,'2020'!I3) -> 18.155 | K3: =AVERAGE('2011'!K3,'2014'!K3,'2017'!K3,'2020'!K3) -> 18.4675 | L3: =AVERAGE('2011'!L3,'2014'!L3,'2017'!L3,'2020'!L3) -> 18.155 | N3: =AVERAGE('2011'!N3,'2014'!N3,'2017'!N3,'2020'!N3) -> 18.4675 | O3: =AVERAGE('2011'!O3,'2014'!O3,'2017'!O3,'2020'!O3) -> 18.155 | Q3: =AVERAGE('2011'!Q3,'2014'!Q3,'2017'!Q3,'2020'!Q3) -> 18.4675 | R3: =AVERAGE('2011'!R3,'2014'!R3,'2017'!R3,'2020'!R3) -> 18.155 | T3: =AVERAGE('2011'!T3,'2014'!T3,'2017'!T3,'2020'!T3) -> 18.4675 | U3: =AVERAGE('2011'!U3,'2014'!U3,'2017'!U3,'2020'!U3) -> 18.155 | W3: =AVERAGE('2011'!W3,'2014'!W3,'2017'!W3,'2020'!W3) -> 18.4675 | X3: =AVERAGE('2011'!X3,'2014'!X3,'2017'!X3,'2020'!X3) -> 18.155 | Z3: =AVERAGE('2011'!Z3,'2014'!Z3,'2017'!Z3,'2020'!Z3) -> 18.4675
A4: 46281 | B4: 259 | C4: =AVERAGE('2011'!C4,'2014'!C4,'2017'!C4,'2020'!C4) -> 19.635 | E4: =AVERAGE('2011'!E4,'2014'!E4,'2017'!E4,'2020'!E4) -> 19.4625 | F4: =AVERAGE('2011'!F4,'2014'!F4,'2017'!F4,'2020'!F4) -> 19.635 | H4: =AVERAGE('2011'!H4,'2014'!H4,'2017'!H4,'2020'!H4) -> 19.4625 | I4: =AVERAGE('2011'!I4,'2014'!I4,'2017'!I4,'2020'!I4) -> 19.635 | K4: =AVERAGE('2011'!K4,'2014'!K4,'2017'!K4,'2020'!K4) -> 19.4625 | L4: =AVERAGE('2011'!L4,'2014'!L4,'2017'!L4,'2020'!L4) -> 19.635 | N4: =AVERAGE('2011'!N4,'2014'!N4,'2017'!N4,'2020'!N4) -> 19.4625 | O4: =AVERAGE('2011'!O4,'2014'!O4,'2017'!O4,'2020'!O4) -> 19.635 | Q4: =AVERAGE('2011'!Q4,'2014'!Q4,'2017'!Q4,'2020'!Q4) -> 19.4625 | R4: =AVERAGE('2011'!R4,'2014'!R4,'2017'!R4,'2020'!R4) -> 19.635 | T4: =AVERAGE('2011'!T4,'2014'!T4,'2017'!T4,'2020'!T4) -> 19.4625 | U4: =AVERAGE('2011'!U4,'2014'!U4,'2017'!U4,'2020'!U4) -> 19.635 | W4: =AVERAGE('2011'!W4,'2014'!W4,'2017'!W4,'2020'!W4) -> 19.4625 | X4: =AVERAGE('2011'!X4,'2014'!X4,'2017'!X4,'2020'!X4) -> 19.635 | Z4: =AVERAGE('2011'!Z4,'2014'!Z4,'2017'!Z4,'2020'!Z4) -> 19.4625
A5: 46282 | B5: 260 | C5: =AVERAGE('2011'!C5,'2014'!C5,'2017'!C5,'2020'!C5) -> 18.8675 | E5: =AVERAGE('2011'!E5,'2014'!E5,'2017'!E5,'2020'!E5) -> 18.93 | F5: =AVERAGE('2011'!F5,'2014'!F5,'2017'!F5,'2020'!F5) -> 18.8675 | H5: =AVERAGE('2011'!H5,'2014'!H5,'2017'!H5,'2020'!H5) -> 18.93 | I5: =AVERAGE('2011'!I5,'2014'!I5,'2017'!I5,'2020'!I5) -> 18.8675 | K5: =AVERAGE('2011'!K5,'2014'!K5,'2017'!K5,'2020'!K5) -> 18.93 | L5: =AVERAGE('2011'!L5,'2014'!L5,'2017'!L5,'2020'!L5) -> 18.8675 | N5: =AVERAGE('2011'!N5,'2014'!N5,'2017'!N5,'2020'!N5) -> 18.93 | O5: =AVERAGE('2011'!O5,'2014'!O5,'2017'!O5,'2020'!O5) -> 18.8675 | Q5: =AVERAGE('2011'!Q5,'2014'!Q5,'2017'!Q5,'2020'!Q5) -> 18.93 | R5: =AVERAGE('2011'!R5,'2014'!R5,'2017'!R5,'2020'!R5) -> 18.8675 | T5: =AVERAGE('2011'!T5,'2014'!T5,'2017'!T5,'2020'!T5) -> 18.93 | U5: =AVERAGE('2011'!U5,'2014'!U5,'2017'!U5,'2020'!U5) -> 18.8675 | W5: =AVERAGE('2011'!W5,'2014'!W5,'2017'!W5,'2020'!W5) -> 18.93 | X5: =AVERAGE('2011'!X5,'2014'!X5,'2017'!X5,'2020'!X5) -> 18.8675 | Z5: =AVERAGE('2011'!Z5,'2014'!Z5,'2017'!Z5,'2020'!Z5) -> 18.93
A6: 46283 | B6: 261 | C6: =AVERAGE('2011'!C6,'2014'!C6,'2017'!C6,'2020'!C6) -> 19.1125 | D6: =AVERAGE('2011'!D6,'2014'!D6,'2017'!D6,'2020'!D6) -> 19.5925 | E6: =AVERAGE('2011'!E6,'2014'!E6,'2017'!E6,'2020'!E6) -> 19.115 | F6: =AVERAGE('2011'!F6,'2014'!F6,'2017'!F6,'2020'!F6) -> 19.1125 | G6: =AVERAGE('2011'!G6,'2014'!G6,'2017'!G6,'2020'!G6) -> 19.5925 | H6: =AVERAGE('2011'!H6,'2014'!H6,'2017'!H6,'2020'!H6) -> 19.115 | I6: =AVERAGE('2011'!I6,'2014'!I6,'2017'!I6,'2020'!I6) -> 19.1125 | J6: =AVERAGE('2011'!J6,'2014'!J6,'2017'!J6,'2020'!J6) -> 19.5925 | ... Z6: =AVERAGE('2011'!Z6,'2014'!Z6,'2017'!Z6,'2020'!Z6) -> 19.115
A7: 46284 | B7: 262 | C7: =AVERAGE('2011'!C7,'2014'!C7,'2017'!C7,'2020'!C7) -> 18.935 | D7: =AVERAGE('2011'!D7,'2014'!D7,'2017'!D7,'2020'!D7) -> 20.21 | E7: =AVERAGE('2011'!E7,'2014'!E7,'2017'!E7,'2020'!E7) -> 18.9425 | F7: =AVERAGE('2011'!F7,'2014'!F7,'2017'!F7,'2020'!F7) -> 18.935 | G7: =AVERAGE('2011'!G7,'2014'!G7,'2017'!G7,'2020'!G7) -> 20.21 | H7: =AVERAGE('2011'!H7,'2014'!H7,'2017'!H7,'2020'!H7) -> 18.9425 | I7: =AVERAGE('2011'!I7,'2014'!I7,'2017'!I7,'2020'!I7) -> 18.935 | J7: =AVERAGE('2011'!J7,'2014'!J7,'2017'!J7,'2020'!J7) -> 20.21 | ... Z7: =AVERAGE('2011'!Z7,'2014'!Z7,'2017'!Z7,'2020'!Z7) -> 18.9425
A8: 46285 | B8: 263 | C8: =AVERAGE('2011'!C8,'2014'!C8,'2017'!C8,'2020'!C8) -> 18.78 | D8: =AVERAGE('2011'!D8,'2014'!D8,'2017'!D8,'2020'!D8) -> 19.9175 | E8: =AVERAGE('2011'!E8,'2014'!E8,'2017'!E8,'2020'!E8) -> 18.8525 | F8: =AVERAGE('2011'!F8,'2014'!F8,'2017'!F8,'2020'!F8) -> 18.78 | G8: =AVERAGE('2011'!G8,'2014'!G8,'2017'!G8,'2020'!G8) -> 19.9175 | H8: =AVERAGE('2011'!H8,'2014'!H8,'2017'!H8,'2020'!H8) -> 18.8525 | I8: =AVERAGE('2011'!I8,'2014'!I8,'2017'!I8,'2020'!I8) -> 18.78 | J8: =AVERAGE('2011'!J8,'2014'!J8,'2017'!J8,'2020'!J8) -> 19.9175 | ... Z8: =AVERAGE('2011'!Z8,'2014'!Z8,'2017'!Z8,'2020'!Z8) -> 18.8525
A9: 46286 | B9: 264 | C9: =AVERAGE('2011'!C9,'2014'!C9,'2017'!C9,'2020'!C9) -> 19.0525 | D9: =AVERAGE('2011'!D9,'2014'!D9,'2017'!D9,'2020'!D9) -> 19.925 | E9: =AVERAGE('2011'!E9,'2014'!E9,'2017'!E9,'2020'!E9) -> 18.9725 | F9: =AVERAGE('2011'!F9,'2014'!F9,'2017'!F9,'2020'!F9) -> 19.0525 | G9: =AVERAGE('2011'!G9,'2014'!G9,'2017'!G9,'2020'!G9) -> 19.925 | H9: =AVERAGE('2011'!H9,'2014'!H9,'2017'!H9,'2020'!H9) -> 18.9725 | I9: =AVERAGE('2011'!I9,'2014'!I9,'2017'!I9,'2020'!I9) -> 19.0525 | J9: =AVERAGE('2011'!J9,'2014'!J9,'2017'!J9,'2020'!J9) -> 19.925 | ... Z9: =AVERAGE('2011'!Z9,'2014'!Z9,'2017'!Z9,'2020'!Z9) -> 18.9725
A10: 46287 | B10: 265 | C10: =AVERAGE('2011'!C10,'2014'!C10,'2017'!C10,'2020'!C10) -> 19.2525 | D10: =AVERAGE('2011'!D10,'2014'!D10,'2017'!D10,'2020'!D10) -> 19.9325 | E10: =AVERAGE('2011'!E10,'2014'!E10,'2017'!E10,'2020'!E10) -> 19.1325 | F10: =AVERAGE('2011'!F10,'2014'!F10,'2017'!F10,'2020'!F10) -> 19.2525 | G10: =AVERAGE('2011'!G10,'2014'!G10,'2017'!G10,'2020'!G10) -> 19.9325 | H10: =AVERAGE('2011'!H10,'2014'!H10,'2017'!H10,'2020'!H10) -> 19.1325 | I10: =AVERAGE('2011'!I10,'2014'!I10,'2017'!I10,'2020'!I10) -> 19.2525 | J10: =AVERAGE('2011'!J10,'2014'!J10,'2017'!J10,'2020'!J10) -> 19.9325 | ... Z10: =AVERAGE('2011'!Z10,'2014'!Z10,'2017'!Z10,'2020'!Z10) -> 19.1325
A11: 46288 | B11: 266 | C11: =AVERAGE('2011'!C11,'2014'!C11,'2017'!C11,'2020'!C11) -> 19.2125 | D11: =AVERAGE('2011'!D11,'2014'!D11,'2017'!D11,'2020'!D11) -> 19.995 | E11: =AVERAGE('2011'!E11,'2014'!E11,'2017'!E11,'2020'!E11) -> 19.1425 | F11: =AVERAGE('2011'!F11,'2014'!F11,'2017'!F11,'2020'!F11) -> 19.2125 | G11: =AVERAGE('2011'!G11,'2014'!G11,'2017'!G11,'2020'!G11) -> 19.995 | H11: =AVERAGE('2011'!H11,'2014'!H11,'2017'!H11,'2020'!H11) -> 19.1425 | I11: =AVERAGE('2011'!I11,'2014'!I11,'2017'!I11,'2020'!I11) -> 19.2125 | J11: =AVERAGE('2011'!J11,'2014'!J11,'2017'!J11,'2020'!J11) -> 19.995 | ... Z11: =AVERAGE('2011'!Z11,'2014'!Z11,'2017'!Z11,'2020'!Z11) -> 19.1425
A12: 46289 | B12: 267 | C12: =AVERAGE('2011'!C12,'2014'!C12,'2017'!C12,'2020'!C12) -> 19.0975 | D12: =AVERAGE('2011'!D12,'2014'!D12,'2017'!D12,'2020'!D12) -> 19.915 | E12: =AVERAGE('2011'!E12,'2014'!E12,'2017'!E12,'2020'!E12) -> 18.9675 | F12: =AVERAGE('2011'!F12,'2014'!F12,'2017'!F12,'2020'!F12) -> 19.0975 | G12: =AVERAGE('2011'!G12,'2014'!G12,'2017'!G12,'2020'!G12) -> 19.915 | H12: =AVERAGE('2011'!H12,'2014'!H12,'2017'!H12,'2020'!H12) -> 18.9675 | I12: =AVERAGE('2011'!I12,'2014'!I12,'2017'!I12,'2020'!I12) -> 19.0975 | J12: =AVERAGE('2011'!J12,'2014'!J12,'2017'!J12,'2020'!J12) -> 19.915 | ... Z12: =AVERAGE('2011'!Z12,'2014'!Z12,'2017'!Z12,'2020'!Z12) -> 18.9675
A13: 46290 | B13: 268 | C13: =AVERAGE('2011'!C13,'2014'!C13,'2017'!C13,'2020'!C13) -> 18.66 | D13: =AVERAGE('2011'!D13,'2014'!D13,'2017'!D13,'2020'!D13) -> 19.6375 | E13: =AVERAGE('2011'!E13,'2014'!E13,'2017'!E13,'2020'!E13) -> 18.51 | F13: =AVERAGE('2011'!F13,'2014'!F13,'2017'!F13,'2020'!F13) -> 18.66 | G13: =AVERAGE('2011'!G13,'2014'!G13,'2017'!G13,'2020'!G13) -> 19.6375 | H13: =AVERAGE('2011'!H13,'2014'!H13,'2017'!H13,'2020'!H13) -> 18.51 | I13: =AVERAGE('2011'!I13,'2014'!I13,'2017'!I13,'2020'!I13) -> 18.66 | J13: =AVERAGE('2011'!J13,'2014'!J13,'2017'!J13,'2020'!J13) -> 19.6375 | ... Z13: =AVERAGE('2011'!Z13,'2014'!Z13,'2017'!Z13,'2020'!Z13) -> 18.51
A14: 46291 | B14: 269 | C14: =AVERAGE('2011'!C14,'2014'!C14,'2017'!C14,'2020'!C14) -> 18.74 | D14: =AVERAGE('2011'!D14,'2014'!D14,'2017'!D14,'2020'!D14) -> 19.7825 | E14: =AVERAGE('2011'!E14,'2014'!E14,'2017'!E14,'2020'!E14) -> 18.6125 | F14: =AVERAGE('2011'!F14,'2014'!F14,'2017'!F14,'2020'!F14) -> 18.74 | G14: =AVERAGE('2011'!G14,'2014'!G14,'2017'!G14,'2020'!G14) -> 19.7825 | H14: =AVERAGE('2011'!H14,'2014'!H14,'2017'!H14,'2020'!H14) -> 18.6125 | I14: =AVERAGE('2011'!I14,'2014'!I14,'2017'!I14,'2020'!I14) -> 18.74 | J14: =AVERAGE('2011'!J14,'2014'!J14,'2017'!J14,'2020'!J14) -> 19.7825 | ... Z14: =AVERAGE('2011'!Z14,'2014'!Z14,'2017'!Z14,'2020'!Z14) -> 18.6125
A15: 46292 | B15: 270 | C15: =AVERAGE('2011'!C15,'2014'!C15,'2017'!C15,'2020'!C15) -> 18.765 | D15: =AVERAGE('2011'!D15,'2014'!D15,'2017'!D15,'2020'!D15) -> 19.98 | E15: =AVERAGE('2011'!E15,'2014'!E15,'2017'!E15,'2020'!E15) -> 18.7125 | F15: =AVERAGE('2011'!F15,'2014'!F15,'2017'!F15,'2020'!F15) -> 18.765 | G15: =AVERAGE('2011'!G15,'2014'!G15,'2017'!G15,'2020'!G15) -> 19.98 | H15: =AVERAGE('2011'!H15,'2014'!H15,'2017'!H15,'2020'!H15) -> 18.7125 | I15: =AVERAGE('2011'!I15,'2014'!I15,'2017'!I15,'2020'!I15) -> 18.765 | J15: =AVERAGE('2011'!J15,'2014'!J15,'2017'!J15,'2020'!J15) -> 19.98 | ... Z15: =AVERAGE('2011'!Z15,'2014'!Z15,'2017'!Z15,'2020'!Z15) -> 18.7125
A16: 46293 | B16: 271 | C16: =AVERAGE('2011'!C16,'2014'!C16,'2017'!C16,'2020'!C16) -> 18.635 | D16: =AVERAGE('2011'!D16,'2014'!D16,'2017'!D16,'2020'!D16) -> 19.93 | E16: =AVERAGE('2011'!E16,'2014'!E16,'2017'!E16,'2020'!E16) -> 18.685 | F16: =AVERAGE('2011'!F16,'2014'!F16,'2017'!F16,'2020'!F16) -> 17.02 | G16: =AVERAGE('2011'!G16,'2014'!G16,'2017'!G16,'2020'!G16) -> 19.93 | H16: =AVERAGE('2011'!H16,'2014'!H16,'2017'!H16,'2020'!H16) -> 17.62 | I16: =AVERAGE('2011'!I16,'2014'!I16,'2017'!I16,'2020'!I16) -> 18.635 | J16: =AVERAGE('2011'!J16,'2014'!J16,'2017'!J16,'2020'!J16) -> 19.93 | ... Z16: =AVERAGE('2011'!Z16,'2014'!Z16,'2017'!Z16,'2020'!Z16) -> 17.62
A17: 46294 | B17: 272 | C17: =AVERAGE('2011'!C17,'2014'!C17,'2017'!C17,'2020'!C17) -> 18.605 | D17: =AVERAGE('2011'!D17,'2014'!D17,'2017'!D17,'2020'!D17) -> 20.0175 | E17: =AVERAGE('2011'!E17,'2014'!E17,'2017'!E17,'2020'!E17) -> 18.665 | F17: =AVERAGE('2011'!F17,'2014'!F17,'2017'!F17,'2020'!F17) -> 16.32 | G17: =AVERAGE('2011'!G17,'2014'!G17,'2017'!G17,'2020'!G17) -> 20.0175 | H17: =AVERAGE('2011'!H17,'2014'!H17,'2017'!H17,'2020'!H17) -> 17.1725 | I17: =AVERAGE('2011'!I17,'2014'!I17,'2017'!I17,'2020'!I17) -> 18.605 | J17: =AVERAGE('2011'!J17,'2014'!J17,'2017'!J17,'2020'!J17) -> 20.0175 | ... Z17: =AVERAGE('2011'!Z17,'2014'!Z17,'2017'!Z17,'2020'!Z17) -> 17.1725
... A79: 46356 | B79: 334 | C79: =AVERAGE('2011'!C79,'2014'!C79,'2017'!C79,'2020'!C79) -> 12.9075 | D79: =AVERAGE('2011'!D79,'2014'!D79,'2017'!D79,'2020'!D79) -> 12.505 | E79: =AVERAGE('2011'!E79,'2014'!E79,'2017'!E79,'2020'!E79) -> 13.45 | F79: =AVERAGE('2011'!F79,'2014'!F79,'2017'!F79,'2020'!F79) -> 13.0475 | G79: =AVERAGE('2011'!G79,'2014'!G79,'2017'!G79,'2020'!G79) -> 12.635 | H79: =AVERAGE('2011'!H79,'2014'!H79,'2017'!H79,'2020'!H79) -> 13.545 | I79: =AVERAGE('2011'!I79,'2014'!I79,'2017'!I79,'2020'!I79) -> 13.3825 | J79: =AVERAGE('2011'!J79,'2014'!J79,'2017'!J79,'2020'!J79) -> 12.8025 | ... Z79: =AVERAGE('2011'!Z79,'2014'!Z79,'2017'!Z79,'2020'!Z79) -> 13.8225
